ITEM,BASE,LIN,MAT,FORMA,CORRE,CODIGO,DESCRIPCION DE PRODUCTO,DISP,UND,PRECIO DETAL USD,PRECIO MAYOR USD,SALIDA,ENTRADA,STOCK,NUEVO PRECIO,COSTO,VALOR INVENTARIO,Unnamed: 18,Unnamed: 21
1,,,,,,CEMENTO,,,,*,,,,LINEA,0,0,0,,LAMINA
1.1,CEMENTO ,CEM,10,45,1,CEM1045001,CEMENTO GRIS ENSACADO,1971,Saco,9.5,9.5,18169.07,21436,5237.93,0,7.6000000000000005,38975.247807228923,,
2,,,,,,,,,,*,,,,LINEA,0,0,0,,
2.1,ALAMBRE GALVANIZADO,ALA,4,3,1,ALA0403001,ALAMBRE GALVANIZADO CALIBRE 18,,Rollo,1.98,,2141.98,6674,4532.02,1.7808219178082192,1.584,7178.7196800000011,,
2.2,ALAMBRE GALVANIZADO,ALA,4,3,2,ALA0403002,ALAMBRE GALVANIZADO CALIBRE 18 DE SEGUNDA,25,Kg,,,25,0,0,0,0,0,,
3,,,,,,ALAMBRON,,,,*,,,,LINEA,0,0,0,,
3.1,,,,,,ALB0141004,"ALAMBRON 4,5 mm X 6 mts ",,Und,0,,3500,3500,0,1.375,0,0,,
3.2,,ALB,1,41,2,ALB0141003,"ALAMBRON 5,0 mm X 6 mts ",,Und,0,,99.99,100,0.010000000000005116,0,0,0,,
3.3,,,,,,ALB0141005,"ALAMBRON 5,2 mm X 6 mts",,Und,1.49,1.29,17346,91025,73679,0,1.192,76036.728,,
3.6,,,,,,ALB0141006,"ALAMBRON 6,0 mm X 6 mts",,Und,1.9,,44,45,1,0,1.52,0,,
3.4,ALAMBRON ESTRIADO ,ALB,1,41,1,ALB0141001,"ALAMBRON 7,0 mm X 6 mts ",ABILLA,Und,2.9,,414,417,3,0,2.32,0,,
3.5,ALAMBRON ESTRIADO ,ALB,1,41,2,ALB0141002,"ALAMBRON 9,0 mm X 6 mts ",40,Und,0,,40,0,0,0,0,0,,
4,,,,,,BARRAS,,,,*,,,,LINEA,0,0,15747.2,,
4.1,BARRA CUADRADA LISA ,BAR,1,1,1,BAR0101001,"BARRA CUADRADA LISA 12mm X 6,00 mts ",580,Und,8.58,7.5,1728,3738,2590,0,6.8640000000000008,30111.120000000003,,
4.2,BARRA REDONDA LISA ,BAR,1,3,1,BAR0103001,"BARRA REDONDA LISA 10mm X 6,00 mts ",10200,Und,4.4,3.16,549,0,9651,0,3.5200000000000005,13712.4,,
4.3,BARRA REDONDA LISA ,BAR,1,3,2,BAR0103002,"BARRA REDONDA LISA 12mm X 6,00 mts ",116,Und,7.34,6.66,179,2700,2637,0,5.872,0,,
4.4,,,,,,BAR0103003,"BARRA REDONDA LISA 16 mm X 6,00 mts ",,Und,,,0,0,0,0,0,19818.720000000016,,
5,,,,,,CABILLAS,,,,*,,,,LINEA,0,0,-0.069600000000002632,,
5.1,,,1,14,4,CAB0114004,"CABILLA ESTRIADA  3/8 X 12,00 mts SIDETUR",0,Und,9,,21487.879999999997,24791,3303.1200000000026,8.5,7.2,1629.1062079999995,,
5.2,,,1,14,8,CAB0114008,"CABILLA ESTRIADA  3/8 X 5,50 mts SIDETUR",2,Und,2.9,,147.03,145,-0.030000000000001137,0,2.32,0,0,
5.3,,,10,14,5,CAB0114005,"CABILLA ESTRIADA  3/8 X 6,00 mts SIDETUR",185,Und,4.5,,8985.1098,9336,535.89019999999982,4.25,3.6,20592.000000000004,,
5.4,CABILLAS  ESTRIADAS S-60,CAB,1,14,1,CAB0114002,"CABILLA ESTRIADA  3/8 X 9,00 mts  IMPORTADA",7,Und,4.5,,7,0,0,0,3.6,0,,
5.5,CABILLAS  ESTRIADAS S-60,CAB,1,14,2,CAB0114006,"CABILLA ESTRIADA 1/2 X 12,00 mts  SIDETUR",0,Und,12,,1270,3870,2600,0,9.6000000000000014,14756.260032000002,,
5.6,CABILLAS  ESTRIADAS S-60,CAB,1,14,3,CAB0114010,"CABILLA ESTRIADA 1/2 X 12,00 mts  SIDOR",2806,Und,12,,6828,4022,0,0,9.6000000000000014,0,,
5.7,CABILLAS  ESTRIADAS S-60,CAB,1,14,4,CAB0114007,"CABILLA ESTRIADA 1/2 X 6,00 mts  SIDETUR",4148,Und,6,,20899.2696,20368,3616.7304000000004,0,4.8000000000000007,0,,
5.8,CABILLAS  ESTRIADAS S-60,CAB,1,14,5,CAB0114011,"CABILLA ESTRIADA 1/2 X 6,00 mts  SIDOR",,Und,5.45,,610,610,0,0,4.36,1432,,
5.9,CABILLAS  ESTRIADAS S-60,CAB,1,14,6,CAB0114003,"CABILLA ESTRIADA 1/2 X 9,00 mts  IMPORTADA",3,Und,7,,3,0,0,0,5.6000000000000005,0,,
5.10,CABILLAS  ESTRIADAS S-60,CAB,1,14,7,CAB0114009,"CABILLA ESTRIADA 5/8 X 12,00 mts SIDETUR",1100,Und,22,,3461,2461,100,0,17.6,0,,
5.11,,,,,,CAB0114016,"CABILLA ESTRIADA 5/8 X 6,00 mts SIDETUR",,Und,10.75,,106,106,0,0,8.6,0,,
5.11,CABILLAS  ESTRIADAS S-60,CAB,1,14,8,CAB0114012,"CABILLA ESTRIADA 3/4 X 12,00 mts SIDOR",1799,Und,26,,2643,844,0,0,20.8,0,,
5.11,CABILLAS  ESTRIADAS S-60,CAB,1,14,9,CAB0114013,"CABILLA ESTRIADA 3/4 X 6,00 mts SIDOR",3,Und,17.75,,71,68,0,0,14.200000000000001,33.6,,
5.11,CABILLAS  ESTRIADAS S-60,CAB,1,14,10,CAB0114014,"CABILLA ESTRIADA 7/8 X 12,00 mts  SIDETUR",5,Und,34,,845,840,0,0,27.200000000000003,900,,
5.11,CABILLAS  ESTRIADAS S-60,CAB,1,14,11,CAB0114001,"CABILLA ESTRIADA 1"" X 12,00 mts LEVE OXIDO ",90,Und,42,38,93,4,1,0,33.6,0,,
5.11,CABILLAS  ESTRIADAS S-60,CAB,1,14,12,CAB0114015,"CABILLA ESTRIADA 1"" X 12,00 mts SIDETUR",502,Und,45,44,477,0,25,0,36,13069.600000000002,,
6,,,,,,CERCHAS,,,,*,,,,LINEA,0,0,3510.1600000000003,,
6.1,CERCHAS ,CER,1,0-0,1,CER0100001,CERCHAS 10mm X 6 mts,3519,Und,8.5,7.9,1642,45,1922,0,6.8000000000000007,0,,
6.2,CERCHAS ,CER,1,0-0,2,CER0100002,CERCHAS 15mm X 6 mts,200,Und,8.9,8.5,1067,1360,493,0,7.120000000000001,1064,,
7,,,,,,FLANCHE,,,,*,,,,LINEA,0,0,0,,
7.1,FLANCHE ,FLA,1,1,1,FLA0101001,FLANCHE 20 X 20 X 12 mm,718,Und,7.5,,331,0,387,0,6,2117.2799999999997,,
8,,,,,,LAMINAS HIERRO NEGRO,,,,*,,,,LINEA,0,0,1013.248,,
8.1,LAMINA HIERRO NEGRO ,LAM,1,13,7,LAM0113007,"LAMINA HN 2,50 mm X 1,250 X 2,40 m ",,Lam,76.32,73.14,17,50,33,77.671232876712338,61.056,300.04800000000006,,
8.2,,,1,13,8,LAM0113001,"LAMINA HN 3,00 mm X 1,250 X 2,40 m ",14,Lam ,92.22,,0,40,54,106.84931506849315,73.776,626.416,,
8.3,,,,,,LAM0113008,"LAMINA HN 5,00 mm X 1,005 X 2,40 m ",,Lam,147.03,,0,4,4,140,117.62400000000001,200,,
8.4,LAMINA HIERRO NEGRO ,LAM,1,13,2,LAM0113002,"LAMINA HN 5,00 mm X 1,200 X 2,40 m ",7,Lam,156.66,,0,1,8,148.57142857142858,125.328,140,,
8.5,LAMINA HIERRO NEGRO ,LAM,1,13,3,LAM0113003,"LAMINA HN 5,00 mm X 1,205 X 2,40 m ",5,Lam,153.7,,0,0,5,0,122.96,0,,
8.6,LAMINA HIERRO NEGRO ,LAM,1,13,4,LAM0113004,"LAMINA HN 6,00 mm X 1,005 X 2,00 m ",3,Lam,136.74,,0,0,3,0,109.39200000000001,93.600000000000009,,
8.7,LAMINA HIERRO NEGRO ,LAM,1,13,5,LAM0113005,"LAMINA HN 6,00 mm X 1,205 X 2,40 m ",2,Lam,177.02,,1,0,1,0,141.616,2137.2000000000003,,
8.8,LAMINA HIERRO NEGRO ,LAM,1,13,6,LAM0113006,"LAMINA HN 6,00 mm X 1,210 X 2,40 m ",4,Lam,169,,4,0,0,0,135.20000000000002,1696.68,,
8.9,,,,,,LAM0113009,"LAMINA HN 10,00 mm X 1,200 X 2,40 m ",,Lam,351.68,,0,1,1,0,281.344,31.359999999999996,,
9,,,,,,LAMINAS HIERRO PULIDO,,,,*,,,,LINEA,0,0,89.68,,
9.1,LAMINA HIERRO PULIDO ,LAM,2,13,1,LAM0213001,"LAMINA HP 0,45 mm X 1,20 X 2,40 m",279,Lam,16.96,15.37,1,0,278,0,13.568000000000001,83.6,,
9.2,LAMINA HIERRO PULIDO ,LAM,2,13,2,LAM0213002,"LAMINA HP 0,70 mm X 1,20 m X 1,40 m PROMOCION",1489,Lam,10.54,8.48,46,0,1443,0,8.432,273.84000000000003,,
9.3,LAMINA HIERRO PULIDO ,LAM,2,13,3,LAM0213003,"LAMINA HP 0,90 mm X 1,20  X 2,40 m",29,Lam,34.5,26.5,29,0,0,0,27.6,571.2,,
9.4,LAMINA HIERRO PULIDO ,LAM,2,13,4,LAM0213004,"LAMINA HP 0,90 mm X 1,23 X 2,00 m",85,Lam,26.28,24.38,20,0,65,0,21.024,23833.8,,
9.5,LAMINA HIERRO PULIDO ,LAM,2,13,5,LAM0213005,"LAMINA HP 1,10 mm X 1,22  X 2,40 m ",11,Lam,40.44,31,19,8,0,0,32.352,9601.2,,
9.6,LAMINA HIERRO PULIDO ,LAM,2,13,6,LAM0213006,"LAMINA HP 1,50 mm X 1,20 X 1,40 m",154,Lam,23.26,19.08,20,0,134,0,18.608,0,,
10,,,,,,LAMINAS ESTRIADA,,,,*,,,,LINEA,0,0,3494.4,,
10.1,LAMINA ESTRIADA ,LAM,1,14,1,LAM0114001,"LAMINA EST. 2,50 mm X 1010 X 2,40 m ",13,Lam,66.78,62.54,3,0,10,0,53.424000000000007,192.00000000000003,,
10.2,,,,,,LAM0114003,"LAMINA EST. 3,00 mm X 1000 X 2,40 m",,Lam,102.82,,9,50,41,0,82.256,3.6000000000000005,,
10.3,LAMINA ESTRIADA ,LAM,1,14,2,LAM0114002,"LAMINA EST. 5,00 mm X 1010 X 2,20 m ",5,Lam,136.74,,0,0,5,0,109.39200000000001,63.600000000000009,,
11,,,,,,LAMINAS GALVANIZADA,,,,*,,,,LINEA,0,0,0,,
11.1,LAMINA GALVANIZADA ,LAM,4,13,1,LAM0413001,"LAMINA GALV. LISA CAL. 26-0,40 mm X 1200 X 2,40 m",20,Lam,15.84,,45,148,123,0,12.672,3447.9199999999996,,
11.2,LAMINA GALVANIZADA ,LAM,4,13,1,LAM0413004,"LAMINA GALV. LISA CAL. 24-0,55 mm X 1200 X 2,40 m",,Lam,16.95,,0,0,0,0,13.56,26.68,,
11.3,,,,,,LAM0413008,"LAMINA GALV. LISA CAL.  22-0,60 mm X 1200 X 2,40 m",,Lam,18.95,17,9,9,0,18.928571428571431,15.16,12270.456,,
11.4,,,,,,LAM0413010,"LAMINA GALV. LISA CAL.  17-1,10 mm X 1200 X 2,40 m",,Lam,36.94,33.92,0,1,1,34.7,29.552,711.36,,
11.5,,,,,,LAM0413009,"LAMINA GALV. LISA CAL.  17-1,50 mm X 1200 X 2,40 m",,Lam,49.82,47.7,0,12,12,47.142857142857146,39.856,5328,,
11.6,,,,,,LAM0413011,"LAMINA GALV. LISA CAL.  17-1,90 mm X 1200 X 2,40 m",,Lam,62.16,59.36,0,4,4,57.142857142857146,49.728,1020.8000000000001,,
11.7,LAMINA GALVANIZADA ,LAM,4,13,2,LAM0413002,"LAMINA GALV. LISA CAL. 22-0,70 mm X 1205 X 2,40 m",0,Lam,23.95,,0,0,0,0,19.16,2716.896,,
11.8,,,,,,LAM0413005,"LAMINA GALV. LISA CAL. 20-0,95 mm X 1205 X 2,40 m",,Lam,,,0,0,0,0,0,0,,
11.9,,,,,,LAM0413006,"LAMINA GALV. LISA CAL. 18-1,31 mm X 1205 X 2,40 m",,Lam,,,0,0,0,0,0,517.4,,
11.10,,,,,,LAM0413007,"LAMINA GALV. LISA CAL. 16-1,61 mm X 1205 X 2,40 m",,Lam,,,0,0,0,0,0,1733.3200000000002,,
12,,,,,,LAMINAS DE TECHO,,,,*,,,,LINEA,0,0,403.2000000000001,,
12.1,LAMINAS TERMOPANEL,LAM,12,55,1,LAM1255001,"LAMINA TERMOPANEL SOLAR 3,70 X 1,04 mts ",7,Lam,90,,0,0,7,0,72,447.84000000000003,,
12.2,LAMINAS TERMOPANEL,LAM,12,55,2,LAM1255002,"LAMINA TERMOPANEL SOLAR 4,05 X 1,04 mts ",1,Lam,90,,0,0,1,0,72,0,,
12.3,LAMINAS TERMOPANEL,LAM,12,55,3,LAM1255003,"LAMINA TERMOPANEL SOLAR  4,20 X 1,04 mts ",29,Lam,198,,0,0,29,0,158.4,176.8,,
12.4,LAMINAS TERMOPANEL,LAM,12,55,4,LAM1255004,"LAMINA TERMOPANEL SOLAR 4,90 X 1,02 mts ",1,Lam,100,,0,0,1,0,80,17.400000000000002,,
12.5,LAMINAS TERMOPANEL,LAM,12,55,5,LAM1255005,"LAMINA TERMOPANEL SOLAR 5,90 X 1,04 mts ",1,Lam,150,,0,0,1,0,120,20.400000000000002,,
12.6,LAMINAS TERMOPANEL,LAM,12,55,6,LAM1255006,"LAMINA TERMOPANEL SOLAR 7,90 X 1,04 mts ",7,Lam,150,,0,0,7,0,120,0,,
12.7,,,,,,LAM1915006,"LOSACERO 6,10 X 0,80 mts CAL 20",,Lam,62,,207,375,168,59.036144578313255,49.6,44.8,,
12.8,LOSACERO ,LAM,19,15,1,LAM1915001,"LOSACERO 6,10 X 0,79 mts CAL 22",42,Lam,49.5,,270,228,0,52.739726027397261,39.6,1519.2000000000003,,
12.9,LOSACERO ,LAM,19,15,3,LAM1915003,"LOSACERO 6,10 X 0,60 mts CAL 24",52,Lam,43.2,,0,0,52,0,34.56,0,,
12.10,,,19,15,4,LAM1915004,"LOSACERO 6,10 X 0,65 mts CAL 24",64,Lam,44.95,,27,0,37,0,35.96,1978.0800000000002,,
12.11,LOSACERO ,LAM,19,15,2,LAM1915002,"LOSACERO 6,10 X 0,80 mts CAL 24",106,Lam,46.95,,22,0,84,0,37.56,-11.6,,
12.12,,,19,15,5,LAM1915005,"LOSACERO 6,10 X 0,75 mts CAL 26",20,Lam,40.8,,14,0,6,0,32.64,0,,
12.13,,LAM,4,13,3,LAM0413003,"LAMINA ZINC GALV.  0,17 X 0.80 X 3,66 m ",,Und,6.5,,1611.96,2092,480.03999999999996,1.6909090909090909,5.2,43.775999999999996,,
12.14,LAMINAS PREPINTADO (ZINC),LAM,19,16,1,LAM1916001,"LAM. PREPINTADO ROJO (ZINC) 0,15 X 800 X 3,00 MTS ",97,Lam,7.16,,95,0,2,0,5.7280000000000006,431.57599999999996,,
12.15,LAMINAS PREPINTADO (ZINC),LAM,19,16,2,LAM1916002,"LAM. PREPINTADO ROJO (ZINC) 0,15 X 800 X 3,60 MTS ",78,Lam,8.62,,78,0,0,0,6.896,0,,
12.16,LAMINAS PREPINTADO (ZINC),LAM,19,16,3,LAM1916003,"LAM. PREPINTADO ROJO (ZINC) 0,17 X 800 X 3,00 MTS ",0,Lam,7.94,,0,0,0,0,6.352,3260.1600000000003,,
12.17,LAMINAS PREPINTADO (ZINC),LAM,19,16,4,LAM1916004,"LAM. PREPINTADO ROJO (ZINC) 0,17 X 800 X 3,60 MTS ",0,Lam,9.55,,0,0,0,0,7.6400000000000006,3031.2000000000003,,
12.18,LAMINAS PR1 ROJO,LAM,19,16,5,LAM1916005,"LAMINA PR1 PREPINTADO ROJO 0,27 X 1050 X 3,00 mts",31,Lam,16.53,,0,0,31,0,13.224000000000002,125.64000000000001,,
12.19,LAMINAS PR1 ROJO,LAM,19,16,6,LAM1916006,"LAMINA PR1 PREPINTADO ROJO 0,27 X 1050 X 3,60 mts",15,Lam,19.92,,0,0,15,0,15.936000000000002,9.2399999999999984,,
12.20,LAMINAS ,LAM,19,54,1,LAM1954001,"LAMINA GALVATECHO  5,80 X 0,90 mts ",2,Lam,55,,0,0,2,0,44,129.6,,
12.21,LAMINAS ARQUITECTONICAS,LAM,19,54,3,LAM1954003,"LAMINA ARQUITECTONICA AZUL 6 mts x 1,08 x 0,25 cal",133,Lam,27.5,25,133,1,1,0,22,986.4,,
12.22,,,19,54,7,LAM1954004,"LAMINA ARQUITECTONICA ROJA 6 mts x 1,08 x 0,25 cal",174,Lam,27.5,25,172,0,2,0,22,790.4,,
12.23,LAMINAS ARQUITECTONICAS,LAM,19,54,4,LAM 1954006,"LAMINA ARQUITECTONICA AZUL 6 mts x 1,08 x 0,35 cal",,Lam,36,33.65,153,200,47,36.3013698630137,28.8,0,,
12.24,,,19,54,5,LAM 1954007,"LAMINA ARQUITECTONICA BLANCA 6 mts x 1,08 x 0,35 cal",,Lam,36,33.65,99,100,1,36.3013698630137,28.8,1032.72,,
12.25,,,19,54,6,LAM 1954005,"LAMINA ARQUITECTONICA NARANJA 6 mts x 1,08 x 0,35 cal",,Lam,35,33.65,96,100,4,36.3013698630137,28,1244.1599999999999,,
12.26,LAMINAS ACEROLIT,LAM,19,55,6,LAM1955006,"LAMINA ACEROLIT  ROJO CANAL ONDULADO  4,00 X 0,80 mts ",0,Lam,39,,0,0,0,0,31.200000000000003,399.36000000000007,,
12.27,LAMINAS ,LAM,19,55,7,LAM1955007,"LAMINA TIPO PVC MIL TEJAS TRANSPARENTE  6,60 X 1,04 mts ",4,Lam,36,,0,0,4,0,28.8,3920.8,,
12.28,LAMINA CABALLETE /CUMBRERA ,LAM,19,55,5,LAM1955005,"CABALLETE CUMBRERA 0,70 X 2,00 mts",498,Lam,17,12,18.1,0,479.9,0,13.600000000000001,1149.6,,
12.29,LAMINA CABALLETE /CUMBRERA ,LAM,19,54,2,LAM1954002,"REMATE PARA FACHADA 0,20 X 2,00 mts",600,Lam,5,3,0,0,600,0,4,240,,
13,,,,,,LAMINAS OTRAS,,,,*,,,,LINEA,0,0,0,,
13.1,LAMINAS DRYWALL,LAM,11,15,1,LAM1115001,"LAMINA MIL TEJAS 2,00 X 1,05 M X 5,70 M",50,Lam,57.6,,50,200,200,0,46.080000000000005,4246,,
14,,,,,,MALLAS,,,,*,,,,LINEA,0,0,768.00000000000011,,
14.1,MALLA TRUCKSON,MAL,1,38,1,MAL0138001,MALLA TRUCKSON 5 X 5 X 120 mts,22,Und,295,,22,34,34,0,236,24530.4,,
14.2,MALLA TRUCKSON,MAL,1,38,2,MAL0138002,MALLA TRUCKSON 6 X 6 X 100 mts,2,Und,136,,108,247,141,0,108.80000000000001,475.2,,
14.3,MALLA TRUCKSON,MAL,1,38,3,MAL0138003,MALLA TRUCKSON 6 X 8 X 100 mts,18,Und,130,,19,1,0,0,104,1976.0000000000002,,
15,,,,,,VIGAS WF,,,,*,,,,LINEA,0,0,0,,
15.1,VIGA WF,VIG,1,10,1,VIG0110001,"VIGA WF 10X17 TIPO IPE 260 X 100 X 5,92 mts C/FLANCHE12X22cmX16mm",1,Und,190,,0,0,1,0,152,-3934.27200000496,,
15.2,VIGA WF,VIG,1,10,2,VIG0110002,"VIGA WF 12X19 TIPO IPE 300 X 100 X 6,00 mts",341,Und,270,,194,0,147,0,216,9295.04,,
15.3,VIGA WF,VIG,1,10,3,VIG0110003,"VIGA WF 12X22 TIPO IPE 300 X 105 X 6,00 mts",32,Und,280,,56,0,-24,0,224,6750.9600000000009,,
15.4,VIGA WF,VIG,1,10,4,VIG0110004,"VIGA WF 12X26 TIPO IPE 300 X 165 X 6,18 mts C/FLANCHE45X17cmX16mm",36,Und,290,,2,0,34,0,232,176.32,,
16,,,,,v,ZUNCHO,,,,*,,,,LINEA,0,0,5076.72,,
16.1,,,,,,ZUN0140007,"ZUNCHO 12 X 15 X 4,50 mm (Paquete 20 und)",,Paq ,5,,15,15,0,0,4,17176.800000000003,,
16.2,ZUNCHOS,ZUN,1,40,4,ZUN0140004,"ZUNCHO 12 X 15 X 5,20 mm (Paquete 20 und)",21,Paq ,7.5,,146,145,20,0,6,2240,,
16.3,ZUNCHOS,ZUN,1,40,5,ZUN0140005,"ZUNCHO 15 X 15 X 5,20 mm (Paquete 20 und)",40,Paq ,7.9,,83,52,9,0,6.32,1760.0000000000002,,
16.4,,,,,,ZUN0140010,"ZUNCHO 15 X 20 X 5,20 mm (Paquete 20 und)",,Paq ,8.5,,0,34,34,0,6.8000000000000007,10976.400000000001,,
16.5,,,,,,ZUN0140008,ZUNCHO 15 X 15 X 10 mm (Paquete 20 und),,Paq ,,,59,59,0,0,0,211.12,,
16.6,,,,,,ZUN0140009,ZUNCHO 15 X 12 X 10 mm (Paquete 20 und),,Paq ,,,58,58,0,0,0,709.2,,
16.7,,,,,,ZUN0140006,"ZUNCHO 12 X 15 X 7,50 mm (Paquete 20 und)",,Paq ,9,,30,30,0,0,7.2,2026.96,,
16.8,ZUNCHOS,ZUN,1,40,1,ZUN0140001,"ZUNCHO 20 X 20 X 7,5 mm (Paquete de 20 und)",9,Paq ,9.5,,112,103,0,0,7.6000000000000005,699.48000000000013,,
16.9,ZUNCHOS,ZUN,1,40,2,ZUN0140002,ZUNCHO 20 X 20 X 9 mm (Paquete de 20 und),25,Paq ,13,,25,0,0,0,10.4,12240,,
16.10,ZUNCHOS,ZUN,1,40,3,ZUN0140003,ZUNCHO 20 X 25 X 9 mm (Paquete de 20 und),5,Paq ,14,,5,0,0,0,11.200000000000001,1120,,
17,,,,,,PERFILES ANGULOS,,,,*,,,,LINEA,0,0,0,,
17.1,ANGULOS,PER,1,11,1,PER0111001,"ANGULO 20 X 3mm X 6,00 mts ",264,Und,9.54,8.48,99,0,165,0,7.632,16.8,,
17.2,,,,,,PER0111008,"ANGULO 25 X 3mm X 6,00 mts ",,Und,10.25,,56.67,100,43.33,9.7108433734939776,8.2000000000000011,0,,
17.3,,,,,,PER0111012,"ANGULO 30 X 2,5mm X 6,00 mts ",,Und,10.57,,10,270,260,0,8.4560000000000013,0,,
17.4,,,,,,PER0111009,"ANGULO 40 X 3mm X 6,00 mts *",,Und,16.91,,21,100,79,15.963855421686748,13.528,0,,
17.5,ANGULOS,PER,1,11,2,PER0111002,"ANGULO 40 X 4mm X 6,00 mts *",10,Und,22.26,,4,100,106,0,17.808000000000003,0,,
17.6,ANGULOS,PER,1,11,3,PER0111003,"ANGULO 50 X 4mm X 6,00 mts *",11,Und,21.2,,38,31,4,0,16.96,0,,
17.7,ANGULOS,PER,1,11,4,PER0111004,"ANGULO 50 X 5mm X 6,00 mts*",20,Und,35.99,,22,2,0,0,28.792,0,,
17.8,ANGULOS,PER,1,11,5,PER0111005,"ANGULO 65 X 5mm X 6,00 mts",0,Und,45,,0,0,0,0,36,0,,
17.9,,,,,,PER0111011,"ANGULO 75 X 7mm X 12,00 mts",,Und,112.59,,35,140,105,0,90.072,0,,
17.10,,,,,,PER0111010,"ANGULO 75 X 8mm X 6,00 mts",,Und,77.25,,0,1,1,0,61.800000000000004,0,,
17.11,ANGULOS,PER,1,11,6,PER0111006,"ANGULO 75 X 8mm X 12,00 mts",23,Und,136.74,,0,0,23,0,109.39200000000001,0,,
17.12,,,,,,PER0111007,"ANGULO 65 X 6mm X 6,00 mts",,Und,46,,22,22,0,0,36.800000000000004,0,,
18,,,,,,PERFILES PLETINA,,,,*,,,,0,0,0,5599.9999999999991,,
18.1,PLETINA ,PER,1,12,4,PER0112004,"PLETINA 1/2 X 6,00 mts",16,Und,4.13,,19,3,0,0,3.3040000000000003,18000,,
18.2,PLETINA ,PER,1,12,3,PER0112003,"PLETINA 1 X 1/8 X 6,00 mts",22,Und,7.43,,69,199,152,0,5.944,24800.000000000004,,
18.3,,,,,,PER0112006,"PLETINA 1 X 1/4 X 6,00 mts",,Und,10.49,,22,300,278,0,8.3920000000000012,108274.24,,
18.4,PLETINA ,PER,1,12,1,PER0112001,PLETINA 1 X 3/16 X 6 mts,78,Und,12.56,,178,100,0,0,10.048000000000002,223.99999999999997,,
18.5,PLETINA ,PER,1,12,2,PER0112002,"PLETINA 1 1/2  X 3/16 x 6,00 mts",15,Und,15.04,,2,0,13,0,12.032,576.00000000000011,,
18.6,,,,,,PER0112007,"PLETINA 1 1/2 X 1/8 X 6,00 mts",,Und,10.29,,0,180,180,0,8.232,467.2,,
18.7,,,,,,PER0112005,"PLETINA 2 X 1/8 X 6,00 mts",,Und,14.85,,2,100,98,14.012048192771086,11.88,721.68,,
19,,,,,,PERFILES OTROS,,,,*,,,,0,0,0,8383.2,,
19.1,PORTONES DECORATIVOS ,PER,1,1,1,PER0101001,"PORTONES DECORATIVOS 2,58 X 2,52 mts ",21,Und,291.5,,0,0,21,0,233.20000000000002,1000,,
19.2,PERFIL PARA MARCOS,PER,1,43,1,PER0143001,"PERFIL PARA MARCOS DE PUERTAS 10 X 5,80  mts ",772,Und,12.72,,166,0,606,0,10.176000000000002,-97.2,,
19.3,PERFIL VIGUETA TIPO C GALVANIZADO,PER,4,0-0,3,PER0400003,"PERFIL VIGUETA TIPO C GALV 80 X 40 X 2mm X 5,80 mts ",0,Und,25,,0,0,0,0,20,204.23999999999998,,
19.4,PERFIL VIGUETA TIPO C GALVANIZADO,PER,44,0-0,4,PER4400004,"PERFIL VIGUETA TIPO C GALV 120 X 60 X 2,2mm X 3,00 mts ",0,Und,15,,0,0,0,0,12,170.64000000000001,,
19.5,PERFIL VIGUETA TIPO C GALVANIZADO,PER,4,0-0,2,PER0400002,"PERFIL VIGUETA TIPO C GALV 140 X 60 X 2,2mm X 5,80 mts ",0,Und,45,,0,0,0,0,36,-31.248,,
20,,,,,,TUBOS ESTRUCTURALES CUADRADO,,,,*,,,,LINEA,0,0,256.368,,
20.1,TUBERIA PULIDA CUADRADA ,TUB,3,1,9,TUB0301009,"TUBO ESTRUC. CUAD. 40 X 40 X 2,50mm X 6,00 mts",100,Pza,27.15,,7,0,93,0,21.72,17.472,,
20.2,TUBERIA PULIDA CUADRADA ,TUB,3,1,10,TUB0301010,"TUBO ESTRUC. CUAD. 50 X 50 X 2,50mm X 6,00 mts ",30,Pza,32.86,,105,98,23,0,26.288,3844.8,,
20.3,TUBERIA PULIDA CUADRADA ,TUB,3,1,11,TUB0301011,"TUBO ESTRUC. CUAD. 60 X 60 X 2,5mm X 6,00 mts ",5,Pza,46.11,,14,26,17,44.909090909090907,36.888,5976,,
20.4,TUBERIA PULIDA RECTANGULAR,TUB,3,1,12,TUB0301012,"TUBO ESTRUC. CUAD. 70 X 70 X 2,5mm X 6,00 mts ",3,Pza,51.49,,0,0,3,0,41.192000000000007,165.36,,
20.5,TUBERIA PULIDA RECTANGULAR,TUB,3,1,13,TUB0301013,"TUBO ESTRUC. CUAD. 90 X 90 X 2,00mm X 6,00 mts ",20,Pza,41.34,,1,0,19,0,33.072,439.6,,
20.6,TUBERIA PULIDA RECTANGULAR,TUB,3,1,14,TUB0301014,"TUBO ESTRUC. CUAD. 90 X 90 X 3,2mm X 3,90 mts 2da",26,Pza,37.1,,13,0,13,0,29.680000000000003,-56.000000000000007,,
20.7,TUBERIA PULIDA RECTANGULAR,TUB,3,1,15,TUB0301015,"TUBO ESTRUC. CUAD. 90 X 90 X 3,2mm X 4,85 mts 2da",60,Pza,45.58,,63,60,57,0,36.464,470.40000000000003,,
20.8,TUBERIA PULIDA RECTANGULAR,TUB,3,1,16,TUB0301016,"TUBO ESTRUC. CUAD. 90 X 90 X 3,2mm X 4,95 mts 2da",3,Pza,43,,3,0,0,0,34.4,0,,
20.9,,,,,,TUB0301020,"TUBO ESTRUC. CUAD. 100 X 100 X 1,50mm X 6,00 mts",,Pza,38.16,,0,75,75,0,30.528,4800,,
20.10,TUBERIA PULIDA RECTANGULAR,TUB,3,1,1,TUB0301001,"TUBO ESTRUC. CUAD. 100 X 100 X 2,00mm X 6,00 mts",8,Pza,46,,8,0,0,0,36.800000000000004,0,,
20.11,TUBERIA PULIDA RECTANGULAR,TUB,3,1,2,TUB0301002,"TUBO ESTRUC. CUAD. 100 X 100 X 2,5mm X 12,00 mts",56,Pza,146,,104,48,0,0,116.80000000000001,0,,
20.12,,,,,,TUB0301021,"TUBO ESTRUC. CUAD. 100 X 100 X 3,5mm X 12,00 mts",,Pza,153.7,,10.5,40,29.5,0,122.96,0,,
20.13,TUBERIA PULIDA RECTANGULAR,TUB,3,1,2,TUB0301017,"TUBO ESTRUC. CUAD. 100 X 100 X 2,5mm X 6,00 mts",1,Pza,73,,60,59,0,0,58.400000000000006,0,,
20.14,TUBERIA PULIDA RECTANGULAR,TUB,3,1,3,TUB0301003,"TUBO ESTRUC. CUAD. 100 X 100 X 3,00 mm X 6,00 mts",3,Pza,54,,3,0,0,0,43.2,0,,
20.15,,,3,1,18,TUB0301018,"TUBO ESTRUC. CUAD. 120 X 120 X 4,00 mm X 12,00 mts",,Pza,291.5,,14,19,5,311.68831168831167,233.20000000000002,2322,,
20.16,,,,,,TUB0301022,"TUBO ESTRUC. CUAD. 120 X 120 X 4,50 mm X 12,00 mts",,Pza,302.1,,0,20,20,0,241.68000000000004,0,,
20.17,,,,,,TUB0301019,"TUBO ESTRUC. CUAD. 120 X 120 X 4,00 mm X 6,00 mts",,PZA,147.6,,2,2,0,138.55421686746988,118.08,1900.8,,
20.18,TUBERIA PULIDA RECTANGULAR,TUB,3,1,4,TUB0301004,"TUBO ESTRUC. CUAD. 125 X 125 X 4,00mm X 1,56 mts   2da",2,Pza,20.28,,2,0,0,0,16.224,3758.4000000000005,,
20.19,TUBERIA PULIDA RECTANGULAR,TUB,3,1,5,TUB0301005,"TUBO ESTRUC. CUAD. 125 X 125 X 4,00mm X 2,06 mts   2da",133,Pza,28.38,,2,0,131,0,22.704,443.87200000000007,,
20.20,TUBERIA PULIDA RECTANGULAR,TUB,3,1,6,TUB0301006,"TUBO ESTRUC. CUAD. 125 X 125 X 4,00mm X 2,20 mts   2da",108,Pza,30.31,,1,0,107,0,24.248,945.92000000000007,,
20.21,TUBERIA PULIDA RECTANGULAR,TUB,3,1,7,TUB0301007,"TUBO ESTRUC. CUAD. 125 X 125 X 4,00mm X 2,60 mts   2da",4,Pza,35.82,,0,0,4,0,28.656000000000002,580,,
20.22,,,,,,TUB0301023,"TUBO ESTRUC. CUAD. 155 X 155 X 4,20mm X 12,00 mts",,Pza,426.55,,6,9,3,0,341.24,309.6,,
20.23,TUBERIA PULIDA RECTANGULAR,TUB,3,1,8,TUB0301008,"TUBO ESTRUC. CUAD. 200 X 200 X 5,00mm X 12,00 mts ",3,Pza,498.2,,0,0,3,0,398.56,133.6,,
21,,,,,,TUBOS ESTRUCTURALES RECTANGULAR,,,,*,,,,LINEA,0,0,0,,
21.1,TUBERIA ESTRUCTURAL CUADRADA,TUB,3,2,5,TUB0302005,"TUBO ESTRUC. RECT. 80 X 40 X 2,00mm X 6,00 mts",651,Pza,31.8,32.58,565,0,86,0,25.44,0,,
21.2,,,,,,TUB0302010,"TUBO ESTRUC. RECT. 80 X 40 X 2,50mm X 12,00 mts",,Pza,82.68,,31,64,33,0,66.144,3558.4,,
21.3,TUBERIA ESTRUCTURAL CUADRADA,TUB,3,2,1,TUB0302001,"TUBO ESTRUC. RECT. 100 X 40 X 2,00mm X 6,00 mts ",227,Pza,46.64,,154,0,73,0,37.312000000000005,11486.28,,
21.4,,,,,,TUB0302007,"TUBO ESTRUC. RECT. 100 X 40 X 2,50mm X 12,00 mts ",,Pza,97.91,,0,96,96,0,78.328,0,,
21.5,TUBERIA ESTRUCTURAL CUADRADA,TUB,3,2,2,TUB0302002,"TUBO ESTRUC. RECT. 120 X 60 X 2,5mm X 6,00 mts ",20,Pza,59.36,47.7,75,143,88,0,47.488,1289.6000000000001,,
21.6,,,,,,TUB0302008,"TUBO ESTRUC. RECT. 120 X 60 X 2,5mm X 12,00 mts ",,Pza,124.76,,37,44,7,0,99.808,0,,
21.7,TUBERIA ESTRUCTURAL CUADRADA,TUB,3,39,1,TUB0339001,"TUBO ESTRUC. RECT. 120 X 60 X 3,00mm X 2,60 mts 2da",1164,Pza,20.14,,54,0,1110,0,16.112000000000002,2353.04,,
21.8,TUBERIA ESTRUCTURAL CUADRADA,TUB,3,39,2,TUB0339002,"TUBO ESTRUC. RECT. 120 X 60 X 3,00mm X 3,00 mts 2da",433,Pza,24.38,,356,0,77,0,19.504,0,,
21.9,TUBERIA ESTRUCTURAL CUADRADA,TUB,3,39,3,TUB0339003,"TUBO ESTRUC. RECT. 120 X 60 X 3,00mm X 4,60 mts  2da",199,Pza,38.16,,55,0,144,0,30.528,504.00000000000006,,
21.10,TUBERIA ESTRUCTURAL CUADRADA,TUB,3,39,4,TUB0339004,"TUBO ESTRUC. RECT. 120 X 60 X 3,00mm X 4,80 mts  2da",5,Pza,41.34,,3,29,31,0,33.072,516,,
21.11,TUBERIA ESTRUCTURAL CUADRADA,TUB,3,39,5,TUB0339005,"TUBO ESTRUC. RECT. 120 X 60 X 3,00mm X 6,00 mts  2da Sold",123,Pza,50.88,46.64,13,0,110,0,40.704000000000008,0,,
21.12,,,3,2,6,TUB0302006,"TUBO ESTRUC. RECT. 140 X 60 X 2,50mm X 6,00 mts ",,Pza,72.69,,26,44,18,73.972602739726028,58.152,1471.0800000000002,,
21.13,TUBERIA ESTRUCTURAL CUADRADA,TUB,3,39,6,TUB0339006,"TUBO ESTRUC. RECT. 150 X 75 X 5,00mm X 12,00 mts 2da",5,Pza,175,,9,4,0,0,140,0,,
21.14,TUBERIA ESTRUCTURAL CUADRADA,TUB,3,39,7,TUB0339007,"TUBO ESTRUC. RECT. 150 X 75 X 5,00mm X 6,00 mts 2da",2,Pza,87,,2,0,0,0,69.600000000000009,0,,
21.15,TUBERIA ESTRUCTURAL CUADRADA,TUB,3,2,3,TUB0302003,"TUBO ESTRUC. RECT. 160 X 65 X 3,00mm X 12,00 mts  ",2,Pza,222.6,,10,26,18,220.77922077922076,178.08,27.880000000000003,,
21.16,,,,,,TUB0302009,"TUBO ESTRUC. RECT. 200 X 70 X 3,00mm X 12,00 mts ",,Pza,259.64,,0,24,24,0,207.712,451.20000000000005,,
21.17,TUBERIA ESTRUCTURAL CUADRADA,TUB,3,2,4,TUB0302004,"TUBO ESTRUC. RECT. 220 X 90 X 5,00mm X 6,00 mts ",2,Pza,180.2,,0,0,2,0,144.16,187.68,,
22,,,,,,TUBOS PULIDO CUADRADO,,,,*,,,,LINEA,0,0,0,,
22.1,TUBERIA ESTRUCTURAL RECTANGULAR ,TUB,2,1,3,TUB0201003,"TUBO PULIDO CUAD. 1/2 X 1/2 X 0,90 mm X 6,00 mts ",74,Pza,3.19,,68,130,136,3.0120481927710845,2.552,0,,
22.2,TUBERIA ESTRUCTURAL RECTANGULAR ,TUB,2,1,9,TUB0201009,"TUBO PULIDO CUAD. 3/4 X 3/4 X 0,80 mm X 6,00 mts ",49,Pza,4.77,,46,0,3,0,3.816,0,,
22.3,,,,,,TUB0201015,"TUBO PULIDO CUAD. 3/4 X 3/4 X 0,90 mm X 6,00 mts ",,Pza,4.87,,0,200,200,0,3.8960000000000004,0,,
22.4,TUBERIA ESTRUCTURAL RECTANGULAR ,TUB,2,1,4,TUB0201004,"TUBO PULIDO CUAD. 1 X 1 X 0,90 mm X 6,00 mts 2da ",95,Pza,6.07,,95,0,0,0,4.8560000000000008,0,,
22.5,TUBERIA ESTRUCTURAL RECTANGULAR ,TUB,2,1,5,TUB0201005,"TUBO PULIDO CUAD. 1 X 1 X 0,90mm X 6,00 mts ",199,Pza,7.25,,153,0,46,0,5.8000000000000007,504,,
22.6,,,,,,TUB0201014,"TUBO PULIDO CUAD. 1 X 1 X 1,90mm X 6,00 mts ",,Pza,12.79,,68,100,32,12.10843373493976,10.232,72,,
22.7,,,2,1,1,TUB0201001,"TUBO PULIDO CUAD. 1 1/2 X 1 1/2 X 0,80 mm X 6,00 mts ",50,Pza,10.17,,0,0,50,0,8.136000000000001,4593.6,,
22.8,TUBERIA ESTRUCTURAL RECTANGULAR ,TUB,2,1,2,TUB0201002,"TUBO PULIDO CUAD. 1 1/2 X 1 1/2 X 0,90 mm X 6,00 mts ",200,Pza,10.36,,36,0,164,0,8.288,80,,
22.9,,,,,,TUB0201013,"TUBO PULIDO CUAD. 1 1/2 X 1 1/2 X 1,50 mm X 6,00 mts ",,Pza,16.01,,38,100,62,15.108433734939759,12.808000000000002,120,,
22.10,,,,,,TUB0201012,"TUBO PULIDO CUAD. 1 1/4 X 1 1/4 X 0,90 mm X 6,00 mts ",,Pza,7.97,,30,100,70,7.5180722891566267,6.376,840,,
22.11,,,2,1,2,TUB0201011,"TUBO PULIDO CUAD. 2 X 2 X 0,90 mm X 6,00 mts ",,Pza,13.3,,98,98,0,14.038961038961039,10.64,7996.8,,
22.12,TUBERIA ESTRUCTURAL RECTANGULAR ,TUB,2,1,6,TUB0201006,"TUBO PULIDO CUAD. 2 X 2 X 1,00 mm X 6,00 mts ",20,Pza,14,,20,0,0,0,11.200000000000001,0,,
22.13,TUBERIA ESTRUCTURAL RECTANGULAR ,TUB,2,1,7,TUB0201007,"TUBO PULIDO CUAD. 2 X 2 X 1,10 mm X 6,00 mts ",3,Pza,15.6,,3,0,0,0,12.48,1797.1200000000001,,
22.14,,,,,,TUB0201016,"TUBO PULIDO CUAD. 2 X 2 X 1,40 mm X 6,00 mts ",,,,,0,0,0,0,0,1330.52,,
22.15,,,,,,TUB0201017,"TUBO PULIDO CUAD. 2 X 2 X 1,50 mm X 6,00 mts ",,Pza,19.35,,98,98,0,0,15.480000000000002,3155.04,,
22.16,TUBERIA ESTRUCTURAL RECTANGULAR ,TUB,2,1,8,TUB0201008,"TUBO PULIDO CUAD. 2 X 2 X 2,20 mm X 6,00 mts",7,Pza,22,,7,0,0,0,17.6,195.84,,
22.17,TUBERIA ESTRUCTURAL RECTANGULAR ,TUB,2,1,10,TUB0201010,"TUBO PULIDO CUAD. 4 X 4 X 1,40 mm X 6,00 mts 2da",80,Pza,33.92,,15,0,65,0,27.136000000000003,2288.83072,,
23,,,,,,TUBOS PULIDO RECTANGULAR,,,,*,,,,LINEA,0,0,11.456000000000001,,
23.1,TUBERIA ESTRUCTURAL RECTANGULAR ,TUB,2,2,1,TUB0202001,"TUBO PULIDO RECT. 1 1/2 X 1/2 X 0,90 X 6,00 mts ",196,Pza,7.28,,5,0,191,0,5.8240000000000007,0,,
23.2,TUBERIA GALVANIZADA EMT,TUB,2,2,3,TUB0202003,"TUBO PULIDO RECT. 2 X 1 X 0,90 mm X 6,00 mts GALVANIZADO",0,Pza,10.5,,0,0,0,0,8.4,0,,
23.3,TUBERIA GALVANIZADA ASTM REDONDA,TUB,2,2,4,TUB0202004,"TUBO PULIDO RECT. 2 X 1 X 0,70 mm X 6,00 mts ",953,Pza,8.37,,619,0,334,0,6.696,0,,
23.4,TUBERIA GALVANIZADA ASTM REDONDA,TUB,2,2,5,TUB0202005,"TUBO PULIDO RECT. 2 X 1 X 0,90 mm X 6,00 mts ",0,Pza,9.22,,1204,1512,308,10.44155844155844,7.3760000000000012,409.94400000000007,,
23.5,TUBERIA GALVANIZADA ASTM REDONDA,TUB,2,2,6,TUB0202006,"TUBO PULIDO RECT. 2 X 1 X 1,00 mm X 6,00 mts",0,Pza,10.9,,0,0,0,0,8.72,239.04000000000002,,
23.6,TUBERIA GALVANIZADA ASTM REDONDA,TUB,2,2,7,TUB0202007,"TUBO PULIDO RECT. 2 X 1 X 1,20 mm X 6,00 mts",5,Pza,14,,5,0,0,0,11.200000000000001,88,,
23.7,,,,,,TUB0202014,"TUBO PULIDO RECT. 2 X 1 X 1,10 mm X 6,00 mts",,Pza,11.54,,203.9,420,216.1,10.89156626506024,9.232,22,,
23.8,TUBERIA GALVANIZADA ASTM REDONDA,TUB,2,2,2,TUB0202002,"TUBO PULIDO RECT. 2 1/2 X 1 1/2 X 0,90mm X 6,00 mts ",0,Pza,13.89,,0,0,0,0,11.112000000000002,44,,
23.9,TUBERIA AGUA FRIA ,TUB,2,2,11,TUB0202011,"TUBO PULIDO RECT. 3 X 1 X 0,90 mm X 6,00 mts ",0,Pza,14.2,,58,74,16,14.038961038961039,11.36,1316,,
23.10,,,,,,TUB0202012,"TUBO PULIDO RECT. 3 X 1 X 1,30 mm X 6,00 mts OFERTA ",,Pza,13.1,,950.36,2749,1798.6399999999999,19.480519480519479,10.48,28,,
23.11,,,,,,TUB0202016,"TUBO PULIDO RECT. 3 X 1 X 1,40 mm X 6,00 mts  ",,Pza,,,0,0,0,0,0,112,,
23.12,,,,,,TUB0202015,"TUBO PULIDO RECT. 3 X 1 X 1,90 mm X 6,00 mts  ",,Pza,26.66,,24,48,24,25.180722891566266,21.328000000000003,0,,
23.13,TUBERIA GALVANIZADA ASTM REDONDA,TUB,2,2,8,TUB0202008,"TUBO PULIDO RECT. 3 X 1 1/2 X 0,90 mm X 6,00 mts ",67,Pza,17.77,,4,3,66,0,14.216000000000001,153.60000000000002,,
23.14,TUBERIA GALVANIZADA EMT,TUB,2,39,1,TUB0239001,"TUBO PULIDO RECT. 3 X 1 1/2 X 0,90 mm X 6,00 mts 2da",12,Pza,15.79,,0,0,12,0,12.632,6526.64,,
23.15,TUBERIA GALVANIZADA ,TUB,2,2,9,TUB0202009,"TUBO PULIDO RECT. 3 X 1 1/2 X 1.10 mm X 6,00 mts ",0,Pza,22.89,,23,43,20,0,18.312,2400,,
23.16,TUBERIA AGUA FRIA ,TUB,2,2,10,TUB0202010,"TUBO PULIDO RECT. 3 X 1 1/2 X 1.4 mm X 6,00 mts ",13,Pza,24.38,,34,71,50,0,19.504,0,,
23.17,,,2,2,13,TUB0202013,"TUBO PULIDO RECT. 3 X 1 1/2 X 1.5 mm X 6,00 mts ",,Pza,24.38,,183,298,115,26.467532467532465,19.504,0,,
24,,,,,,TUBOS GALVANIZADO,,,,*,,,,LINEA,0,0,0,,
24.1,TUBERIA ESTRUCTURAL CUADRADA,TUB,4,3,1,TUB0403001,"TUBO GALV.  1/2 X 2,3mm X 5,80 mts  ",2216,Pza,12.72,10.54,16.66,0,2199.34,0,10.176000000000002,7616,,
24.2,TUBERIA ESTRUCTURAL CUADRADA,TUB,4,3,2,TUB0403002,"TUBO GALV.  1"" X 1,4mm X 3,00 mts EMT (ELECTRICO)",836,Pza,8.48,,0,0,836,0,6.7840000000000007,15679.2,,
24.3,TUBERIA ESTRUCTURAL CUADRADA,TUB,4,3,9,TUB0403009,"TUBO GALV. 1 1/4 X 6,60mts EMT PARA CERCA ",34,Pza,9.22,,1,0,33,0,7.3760000000000012,0,,
24.4,TUBERIA ESTRUCTURAL CUADRADA,TUB,4,3,5,TUB0403005,"TUBO GALV. C/ROSC. 1/2 X 2,3mm X 6,00 mts ",2711,Pza,18.02,14.78,43,0,2668,0,14.416,0,,
24.5,TUBERIA ESTRUCTURAL RECTANGULAR ,TUB,4,3,7,TUB0403007,"TUBO GALV. C/ROSC. 3/4 X 6,00 mts ISO 150",157,Pza,27.56,25.38,39,0,118,0,22.048000000000002,1188,,
24.6,TUBERIA ESTRUCTURAL CUADRADA,TUB,4,3,3,TUB0403003,"TUBO GALV. C/ROSC. 1  1/2 x 4mm X 5,90 mts",3,Pza,62.54,37.1,0,0,3,0,50.032000000000004,335.20088000000004,,
24.7,TUBERIA ESTRUCTURAL CUADRADA,TUB,4,3,4,TUB0403004,"TUBO GALV. C/ROSC. 1  1/2 X 4mm X 6,40 mts ",3,Pza,68.9,47.7,0,0,3,0,55.120000000000005,1008.672,,
24.8,,TUB,4,3,6,TUB0403006,"TUBO GALV. C/ROSC. 2  1/4 X 4mm X 6,00 mts ",6,Pza,83.74,63.6,0,0,6,0,66.992,1932.5919999999999,,
24.9,TUBERIA ESTRUCTURAL RECTANGULAR ,TUB,4,3,8,TUB0403008,"TUBO GALV. C/ROSC. 4"" X 2mm X 3,00 mts ",8,Pza,83.74,,0,0,8,0,66.992,97.216000000000008,,
25,,,,,,TUBOS REDONDO,,,,*,,,,LINEA,0,0,0,,
25.1,TUBERIA ELECTRICA,TUB,1,3,1,TUB0103001,"TUBO REDONDO  8"" 5/8 X 13mm X 13 mts",0,Pza,1050,790,0,0,0,0,840,0,,
26,,,,,,TUBOS DE VENTILACION,,,,*,,,,LINEA,0,0,0,,
26.1,TUBERIA ELECTRICA,TUB,14,3,1,TUB1403001,"TUBO VENT. 1 1/2 X 2,00mm X 6,00 mts ",60,Pza,23.93,,5,0,55,0,19.144000000000002,51.6,,
26.2,TUBERIA ELECTRICA,TUB,14,3,2,TUB1403002,"TUBO VENT. 1 1/2 X 2,60mm X 6,00 mts ",8,Pza,27.56,20.14,0,0,8,0,22.048000000000002,2373.6,,
26.3,TUBERIA ELECTRICA,TUB,14,3,3,TUB1403003,"TUBO VENT. 1 1/4 X 2,00mm X 6,00 mts ",4,Pza,13,,4,0,0,0,10.4,0,,
26.4,,,,,,TUB1403008,"TUBO VENT. 1  X 2,00mm X 6,00 mts ",,Pza,14.46,,7,61,54,0,11.568000000000001,0,,
26.4,TUBERIA ELECTRICA,TUB,14,3,4,TUB1403004,"TUBO VENT. 2 X 2,50mm X 6,00 mst ",37,Pza,40.06,,2,0,35,0,32.048,0,,
26.5,TUBERIA ELECTRICA,TUB,14,39,7,TUB1439007,"TUBO VENT. 2 X 2,50mm X 6,00 mst 2da",0,Pza,23,,1,1,0,0,18.400000000000002,852.416,,
26.6,TUBERIA DE VENTILACION,TUB,14,3,5,TUB1403005,"TUBO VENT. 3 X 3mm X 6,00 mts ",0,Pza,,,0,0,0,0,0,0,,
26.7,TUBERIA DE VENTILACION,TUB,14,3,6,TUB1403006,"TUBO VENT. 3 1/2"" X 2mm X 6,00 mts ",4,Pza,63.6,,1,0,3,0,50.88,-33.536,,
27,,,,,,TUBOS PVC ELECTRICOS,,,,*,,,,LINEA,0,0,147.576,,
27.1,TUBERIA REDONDA S/C,TUB,9,3,2,TUB0903002,"TUBO ELEC. 1/2"" X 3,00 mts",4002,Pza,2.9,2.5,129,0,3873,0,2.32,1098.384,,
27.2,TUBERIA PULIDA CUADRADA ,TUB,9,3,3,TUB0903003,"TUBO ELEC. 3/4"" X 3,00 mts OCC PLAST",1567,Pza,3.5,2.9,324,0,1243,0,2.8000000000000003,0,,
27.3,TUBERIA PULIDA CUADRADA ,TUB,9,3,6,TUB0903006,"TUBO ELEC. 1 1/2 X 3,00 mts ",200,Pza,6.5,5.2,5,0,195,0,5.2,4620,,
27.4,TUBERIA PULIDA CUADRADA ,TUB,9,3,4,TUB0903004,"TUBO ELEC. 1"" X 1,52mm X 3 mts",0,Pza,3.2,,0,0,0,0,2.5600000000000005,5817.6000000000013,,
27.5,TUBERIA PULIDA CUADRADA ,TUB,9,3,1,TUB0903001,"TUBO ELEC. 1"" X 1,52mm X 3,00 mts *DERIVADOS PLASTICOS",0,Pza,3.2,,0,0,0,0,2.5600000000000005,0,,
27.6,TUBERIA PULIDA CUADRADA ,TUB,9,3,5,TUB0903005,"TUBO ELEC. 1"" X 3,00 mts TUBRICA ",20,Pza,3.7,4.5,0,0,20,0,2.9600000000000004,0,,
27.7,TUBERIA PULIDA CUADRADA ,TUB,9,3,7,TUB0903007,"TUBO ELEC. 2"" X 3,00 mts UNITECA",380,Pza,8.5,6.9,78,0,302,0,6.8000000000000007,0,,
27.8,TUBERIA PULIDA CUADRADA ,TUB,9,3,8,TUB0903008,"TUBO ELEC. 4"" 114,3mm X ESP. 2,26mm x 6,00 mts UNITECA ",20,Pza,34,,20,0,0,0,27.200000000000003,0,,
27.9,TUBERIA PULIDA CUADRADA ,TUB,9,3,9,TUB0903009,"TUBO ELEC. 4"" 114,0mm X ESP. 3,55mm X 6,00 mts REFORZADO ",468,Pza,37,,150,0,318,0,29.6,1906.1280000000002,,
28,,,,,,TUBOS PVC AGUA FRIAS,,,,*,,,,LINEA,0,0,660.19200000000012,,
28.1,TUBERIA AGUA FRIA ,TUB,6,3,2,TUB0603002,"TUBO PVC A.F. 1/2 X 3,00 mts GRIS",935,Pza,3.95,2.95,13,0,922,0,3.16,591.6,,
28.2,TUBERIA AGUA FRIA ,TUB,6,3,3,TUB0603003,"TUBO PVC A.F. 1/2 X 6,00 mts  ",800,Pza,7.9,6.5,3,0,797,0,6.32,116.59200000000001,,
28.3,TUBERIA AGUA FRIA ,TUB,6,3,9,TUB0603009,"TUBO PVC A.F. 1/2 X 6,00 mts 9.500 PSI REFORZADO",523,Pza,8.9,7.5,2,0,521,0,7.120000000000001,592.80000000000007,,
28.4,TUBERIA AGUA FRIA ,TUB,6,3,7,TUB0603007,"TUBO PVC A.F. 3/4 X 2,41mm X 6,00 mts ALTA PRESION *UNITECA *",218,Pza,9.5,8.7,34,0,184,0,7.6000000000000005,364,,
28.5,TUBERIA AGUA FRIA ,TUB,6,3,8,TUB0603008,"TUBO PVC A.F. 1"" X 6,00 mts NACIONAL",50,Pza,7.3,,3,0,47,0,5.84,1960.8,,
28.6,TUBERIA AGUA FRIA ,TUB,6,3,1,TUB0603001,"TUBO PVC A.F  1 1/2 X 6,00 mts ",300,Pza,17,,4,0,296,0,13.600000000000001,0,,
28.7,TUBERIA AGUA FRIA ,TUB,6,3,12,TUB0603012,"TUBO PVC A.F. 1 1/2 X 2,84mm  PRS 250 PSI X 6,00 mts   ASTM TUBRICA",154,Pza,27,,0,0,154,0,21.6,0,,
28.8,TUBERIA AGUA FRIA ,TUB,6,3,13,TUB0603013,"TUBO PVC A.F. 1 1/2X 3,00mm PRESION 200 PSI X 6,00 mts *TUBRICA",88,Pza,23,,15,0,73,0,18.400000000000002,0,,
28.9,TUBERIA AGUA FRIA ,TUB,6,3,4,TUB0603004,"TUBO PVC A.F. 2"" X 6,00 mts ",50,Pza,23,,6,0,44,0,18.400000000000002,0,,
28.10,TUBERIA AGUA FRIA ,TUB,6,3,10,TUB0603010,"TUBO PVC A.F. 2"" X 6,00 mts IMPORTADO ",200,Pza,27,21,0,0,200,0,21.6,0,,
28.11,TUBERIA AGUA FRIA ,TUB,6,3,6,TUB0603006,"TUBO PVC A.F. 2 1/2 X 3,48mm PRESION 200 PSI X 6,00 mts *TUBRICA",60,Pza,37,,0,0,60,0,29.6,0,,
28.12,TUBERIA  PVC  AGUAS NEGRAS (3 MTS),TUB,6,3,11,TUB0603011,"TUBO PVC A.F. 2 1/2""X 3,60mm PRS  150 PSI  X 6,00 mts   ACUEDUCTO CLASE AB  ",93,Pza,35,,0,0,93,0,28,1180.8,,
28.13,TUBERIA  PVC  AGUAS NEGRAS (3 MTS),TUB,6,3,5,TUB0603005,"TUBO PVC A.F 3 X 6,00 mts GRIS",10,Pza,35,27,0,0,10,0,28,0,,
29,,,,,,TUBOS PVC AGUAS NEGRAS,,,,*,,,,LINEA,0,0,0,,
29.1,TUBERIA  PVC  AGUAS NEGRAS (3 MTS),TUB,8,3,2,TUB0803002,"TUBO PVC A/N 2"" X 1,8 mm x 3,00 mts PAVCO",879,Pza,8,5.5,4,0,875,0,6.4,2806.5440000000003,,
29.2,TUBERIA  PVC  AGUAS NEGRAS (3 MTS),TUB,8,3,3,TUB0803003,"TUBO PVC A/N 2"" X 1,8 mm x 3,00 mts SANALITE",68,Pza,7.5,4.9,2,0,66,0,6,2448.1600000000003,,
29.3,TUBERIA  PVC  AGUAS NEGRAS (3 MTS),TUB,8,3,4,TUB0803004,"TUBO PVC A/N 2"" X 1,8 mm X 3,00 mts TUBRICA",142,Pza,8,5.3,18,0,124,0,6.4,108.16,,
29.4,TUBERIA  PVC  AGUAS NEGRAS (3 MTS),TUB,8,3,6,TUB0803006,"TUBO PVC A/N 2"" X 1,8 mm X 3,00 mts UNITECA",234,Pza,8,5.4,0,0,234,0,6.4,1128,,
29.5,TUBERIA  PVC  AGUAS NEGRAS (3 MTS),TUB,8,3,7,TUB0803007,"TUBO PVC A/N 2"" X 3,00 mts DERIVADOS PLASTICOS ",250,Pza,6,4.6,26,0,224,0,4.8000000000000007,0,,
29.6,TUBERIA  PVC  AGUAS NEGRAS (3 MTS),TUB,8,3,1,TUB0803001,"TUBO PVC A/N 2"" X 3,00 mts DERIVADOS PLASTICOS  2da",10,Pza,5.2,,10,0,0,0,4.16,2201.6,,
29.7,TUBERIA  PVC  AGUAS NEGRAS (3 MTS),TUB,8,3,8,TUB0803008,"TUBO PVC A/N 2"" X 3,00 mts  OCC PLAST",501,Pza,6.5,4.5,13,0,488,0,5.2,2569.6000000000004,,
29.8,TUBERIA  PVC  AGUAS NEGRAS (3 MTS),TUB,8,3,5,TUB0803005,"TUBO PVC A/N 2"" X 3,9 mm  X 3,00 mts PAVCO REFORZADO",10,Pza,13,10.41,5,0,5,0,10.4,3942.4000000000005,,
29.9,TUBERIA  PVC  AGUAS NEGRAS (3 MTS),TUB,8,3,11,TUB0803011,"TUBO PVC A/N 3"" X 3,00 mts IMP. CHARLLOTE PIPE ",10,Pza,8,5.4,0,0,10,0,6.4,16872,,
29.10,TUBERIA  PVC  AGUAS NEGRAS (3 MTS),TUB,8,3,9,TUB0803009,"TUBO PVC A/N 3"" X 3,00 mts  OCC PLAST",400,Pza,7.5,5.4,14,0,386,0,6,1416.8000000000002,,
29.11,TUBERIA  PVC  AGUAS NEGRAS (3 MTS),TUB,8,3,12,TUB0803012,"TUBO PVC A/N 3"" X 3,00 mts DERIVADOS PLASTICOS ",294,Pza,8,5.9,3,0,291,0,6.4,4147.2,,
29.12,TUBERIA  PVC  AGUAS NEGRAS (3 MTS),TUB,8,3,15,TUB0803015,"TUBO PVC A/N 4"" X 2,2mm X 3,00 mts (Amarillo) OCC PLAST ",0,Pza,10.5,,0,0,0,0,8.4,967.2,,
29.13,TUBERIA  PVC  AGUAS NEGRAS (3 MTS),TUB,8,3,10,TUB0803010,"TUBO PVC A/N 4"" X 3,00 mts OCC PLAST GRIS ",95,Pza,9.9,,99,4,0,0,7.9200000000000008,4224.0000000000009,,
29.14,TUBERIA  PVC  AGUAS NEGRAS (3 MTS),TUB,8,3,13,TUB0803013,"TUBO PVC A/N 4"" X 2,2 mm X 3,00 mts MACOPLAS Amarrillo Bajo Norma",11,Pza,13.5,11.9,11,210,210,0,10.8,987.55200000000013,,
29.15,TUBERIA ELECTRICA,TUB,8,3,16,TUB0803016,"TUBO PVC A/N 4"" X 3,2mm X 3,00 mts REFORZADO (NEGRO)",6,Pza,16.9,,52,106,60,0,13.52,0,,
29.16,TUBERIA ELECTRICA,TUB,8,3,14,TUB0803014,"TUBO PVC A/N 6"" X 3,00 mts OCC PLAST    ",400,Pza,35,32,15,0,385,0,28,0,,
29.17,TUBERIA ELECTRICA,TUB,15,3,1,TUB1503001,"TUBO PVC ALCANT. CORRUGADO 4"" X 6,00 mts",20,Pza,52,39,0,0,20,0,41.6,3024,,
30,,,,,,VIGAS HE,,,,*,,,,LINEA,0,0,272,,
30.1,,,1,56,1,VIG0156001,"VIGA HEA 200 X 200 X 12,00 mts ",,Und,787.4,739,0,20,20,849.31506849315076,629.92000000000007,0,,
30.2,VIGAS HEB,VIG,1,5,1,VIG0105001,"VIGA HEB 260 X 260 X 13,88 mts",22,Und,1490,,3,0,19,0,1192,327.488,,
30.3,VIGAS HEB,VIG,1,5,2,VIG0105002,"VIGA HEB 400 X 6,50 mts ",5,Und,1250,,0,0,5,0,1000,11.088000000000001,,
31,,,,,,VIGAS IPE,,,,*,,,,LINEA,0,0,0,,
31.1,VIGA IPE,VIG,1,6,4,VIG0106004,VIGA IPE 80 X 12 mts ,50,Und,105.78,104,14,0,36,0,84.624000000000009,251.71200000000002,,
31.2,,VIG,,,,VIG0106005,VIGA IPE 100 X 12 mts ,,Und,134.7,129,10,20,10,141.55844155844156,107.75999999999999,308.992,,
31.3,VIGA IPE,VIG,1,6,1,VIG0106001,"VIGA IPE 160 X 90 X 5,75 mts",82,Und,90,,12,0,70,0,72,384,,
31.4,VIGA IPE,VIG,1,6,2,VIG0106002,"VIGA IPE 250 X 130 X 5,75 mts",81,Und,190,,2,0,79,0,152,1283.136,,
31.5,VIGA IPE,VIG,1,6,3,VIG0106003,VIGA IPE 400 X 180 X 12 mts,0,Und,900,,0,0,0,0,720,749.456,,
31.6,,,,,,VIG0106006,VIGA IPE 100 X 6 mts ,,Und,67.35,,1,2,1,0,53.879999999999995,421.12,,
32,,,,,,VIGAS IPN,,,,*,,,,LINEA,0,0,0,,
32.1,VIGA IPN,VIG,1,7,1,VIG0107001,"VIGA IPN 100 X 2,04 mts",3,Und,28,,0,0,3,0,22.400000000000002,0,,
32.2,VIGA IPN,VIG,1,7,2,VIG0107002,"VIGA IPN 120 X 12,00 mts",46,Und,190.97,,6,15,55,0,152.776,0,,
32.3,VIGA IPN,VIG,1,7,3,VIG0107003,"VIGA IPN 120 X 4,87 mts",0,Und,40,,0,0,0,0,32,0,,
32.4,VIGA IPN,VIG,1,7,4,VIG0107004,"VIGA IPN 140 X 4,00 mts",4,Und,30,,0,0,4,0,24,1664,,
32.5,VIGA IPN,VIG,1,7,5,VIG0107005,"VIGA IPN 140 X 5,00 mts",4,Und,32,,0,0,4,0,25.6,0,,
32.6,VIGA IPN,VIG,1,7,6,VIG0107006,"VIGA IPN 240 X 12,00 mts ",47,Und,580,,3,0,44,0,464,1049.736,,
33,,,,,,VIGAS UPL,,,,*,,,,LINEA,0,0,0,,
33.1,,,,,,VIG0108002,VIGA UPL 80 X 12 mts,,Und,89,,0,160,160,0,71.2,2110.88,,
33.2,VIGA UPL,VIG,1,8,1,VIG0108001,VIGA UPL 100 X 12 mts,62,Und,145.77,,33,0,29,0,116.61600000000001,2192.9600000000005,,
33.3,,,,,,VIG0108003,VIGA UPL 120 X 12 mts ,,Und,,,0,20,20,0,0,0,,
34,,,,,,VIGAS VP,,,,*,,,,LINEA,0,0,0,,
34.1,VIGAS VP,VIG,1,9,1,VIG0109001,"VIGA VP 350 X 4,10 mts",5,Und,140,,0,0,5,0,112,1882.6632000000002,,
34.2,VIGAS VP,VIG,1,9,2,VIG0109002,"VIGA VP 350 X 7,13,00 mts",9,Und,290,,0,0,9,0,232,0,,
34.3,VIGAS VP,VIG,1,9,3,VIG0109003,"VIGA VP 400 X 4,90 mts ",12,Und,240,,0,0,12,0,192,171.52,,
34.4,VIGAS VP,VIG,1,9,4,VIG0109004,"VIGA VP 400 X 6,90 mts ",2,Und,360,,2,0,0,0,288,17784.95232,,
35,,,,,,CONEXIONES ADAPTADO,,,,*,,,,LINEA,25.180722891566266,20.128,483.072,,
35,CONEXIÓN EMT,CON,4,21,1,CON0920001,"ADAPTADOR TERM CONDUIT 1"" TUBRICA",3800,Und,0.35,,4,3,3799,0,13.416,885.456,,
36,,,,,,CONEXIONES ANILLOS,,,,*,,,,LINEA,0,11.920000000000002,143.04000000000002,,
36.1,CONEXION GALVANIZADA,CON,4,22,1,CON0621002,ANILLO A.F 1/2 ,8830,Und,0.3,,23,43,8850,0,17.28,345.6,,
36.2,CONEXION GALVANIZADA,CON,4,22,2,CON0621003,ANILLO A.F 3/4,3961,Und,0.32,,34,71,3998,0,18.400000000000002,920.00000000000011,,
36.3,CONEXION GALVANIZADA,CON,4,24,1,CON0621001,"ANILLO A.F 1""",987,Und,0.38,,183,298,1102,26.467532467532465,20.056,2306.44,,
36.4,CONEXION GALVANIZADA,CON,4,24,2,CON0821001,"ANILLO A.N 2"" TUBRICA     *",799,Und,0.98,,0,0,799,0,0,0,,
36.5,CONEXION GALVANIZADA,CON,4,25,1,CON0821002,"ANILLO A.N 3"" ",200,Und,1.45,,16.66,0,183.34,0,1,21113.664000000004,,
36.6,CONEXION GALVANIZADA,CON,4,25,2,CON0421001,"ANILLO EMT 1""",50,Und,3.5,,0,0,50,0,6.4,5350.4000000000005,,
37,,,,,,CONEXIONES CODOS,,,,*,,,,LINEA,0,6.96,229.68,,
37.1,CONEXION GALVANIZADA,CON,4,25,3,CON0622001,CODO A.F 1/2 X 45 NACIONAL ,246,Und,0.5,,43,0,203,0,13.600000000000001,36284.8,,
37.2,CONEXION GALVANIZADA,CON,4,27,1,CON0622003,CODO A.F 1 1/2 X 90 ALTA PRESION TUBRICA ,685,Und,3.9,,39,0,646,0,20.8,2454.4,,
37.3,CONEXION GALVANIZADA,CON,4,27,2,CON0822001,"CODO A.N 2"" X 45 TUBRICA",1625,Und,1.35,,0,0,1625,0,47.2,141.60000000000002,,
37.4,CONEXIÓN EMT,CON,4,29,1,CON0822002,"CODO A.N 2"" X 90 BETAPLAST ",85,Und,1.4,,0,0,85,0,52,156,,
37.5,CONEXIONES  PVC A.F TUBRICA,CON,6,21,1,CON0822003,"CODO A.N 2"" X 90 IMPORTADO ",70,Und,1.9,1.7,0,0,70,0,63.2,379.20000000000005,,
37.6,CONEXIONES  PVC A.F TUBRICA,CON,6,21,2,CON0822004,"CODO A.N 2"" X 90 TUBRICA",75,Und,1.9,1.7,0,0,75,0,63.2,505.6,,
37.7,CONEXIONES  PVC A.F TUBRICA,CON,6,21,3,CON0822005,"CODO A.N 3"" X 45 TUBRICA",177,Und,2.1,1.85,0,0,177,0,0,0,,
37.8,CONEXIONES  PVC A.F TUBRICA,CON,6,22,1,CON0822006,"CODO A.N 3"" X 90 NACIONAL",345,Und,2.1,1.85,0,0,345,0,840,0,,
37.9,CONEXIONES  PVC A.F TUBRICA,CON,6,22,2,CON0822007,"CODO A.N 4"" X 45 TUBRICA",6636,Und,4.5,3.1,0,0,6636,0,0,0,,
37.10,CONEXIONES  PVC A.F TUBRICA,CON,6,22,3,CON0822008,"CODO A.N 4"" X 90 TUBRICA",2717,Und,4.5,3.4,5,0,2712,0,18.064,993.52,,
37.11,CONEXIONES  PVC A.F TUBRICA,CON,6,24,1,CON0822009,"CODO A.N 6"" X 45 TUBRICA",0,Und,,,0,0,0,0,20.8,166.4,,
37.12,CONEXIONES  PVC A.F TUBRICA,CON,6,24,2,CON0822010,"CODO A.N 6"" X 90 NACIONAL ",340,Und,13,9,4,0,336,0,10.4,0,,
37.13,CONEXIONES  PVC A.F TUBRICA,CON,6,28,1,CON0622002,CODO CPVC 1/2 X 90 NACIONAL ,300,Und,0.8,0.6,2,0,298,0,30.24,1058.3999999999999,,
37.14,CONEXIONES  PVC A.F TUBRICA,CON,6,28,2,CON0422002,CODO HG 1/2 X 90 ,0,Und,0.9,,1,1,0,0,18.400000000000002,0,,
37.15,CONEXIONES  PVC A.F TUBRICA,CON,6,29,1,CON0422001,"CODO HG 1"" X 45 ",53,Und,1.5,1.3,0,0,53,0,0,0,,
38,,,,,,CONEXIONES CURVAS,,,,*,,,,LINEA,0,48,144,,
38.1,CONEXIONES  PVC TUBRICA,CON,6,29,2,CON0923003,"CURVA CONDUIT 1/2 X 90""",6250,Und,0.7,,0,0,6250,0,0,0,,
38.2,CONEXIONES  PVC TUBRICA,CON,6,29,3,CON0923004,"CURVA CONDUIT 1/2"" X 90 REFORZADO ",72,Und,1.45,,129,0,-57,0,2.32,8985.3599999999988,,
38.3,CONEXIONES  PVC A.F TUBRICA,CON,6,29,4,CON0923007,"CURVA CONDUIT 3/4"" X 90 REFORZADO",15790,Und,0.99,0.85,324,0,15466,0,2.8000000000000003,3480.4000000000005,,
38.4,CONEXIONES  PVC TUBRICA,CON,8,21,1,CON0923002,"CURVA CONDUIT 1"" X 90 REFORZADO ",741,Und,1.2,0.95,5,0,736,0,5.2,1014,,
38.5,CONEXIONES  PVC TUBRICA,CON,8,21,2,CON0923001,"CURVA CONDUIT 1 1/2"" X 90 REFORZADO",1482,Und,4.5,3.5,0,0,1482,0,2.5600000000000005,0,,
38.6,CONEXIONES  PVC TUBRICA,CON,8,22,1,CON0923005,"CURVA CONDUIT 2"" X 90 NACIONAL ",400,Und,5.5,3.9,0,0,400,0,2.5600000000000005,0,,
38.7,CONEXIONES  PVC TUBRICA,CON,8,22,2,CON0923006,"CURVA CONDUIT 2"" X 90 REFORZADO ",813,Und,4.2,,0,0,813,0,2.9600000000000004,59.20000000000001,,
39,,,,,,CONEXIONES JUNTAS,,,,*,,,,LINEA,0,6.8000000000000007,2053.6000000000004,,
39.1,CONEXIONES  PVC TUBRICA,CON,8,22,3,CON0624002,JUNTA DRESSER 1/2,995,Und,0.65,,20,0,975,0,27.200000000000003,0,,
39.2,CONEXIONES  PVC TUBRICA,CON,8,22,4,CON0624001,JUNTA DRESSER 3/4,2569,Und,0.85,,150,0,2419,0,29.6,9412.8000000000011,,
39.3,CONEXIONES  PVC TUBRICA,CON,8,22,5,CON0424001,"JUNTA DRESSER HG 1/2""",315,Und,1.6,1.3,0,0,315,0,0,0,,
39.4,CONEXIONES  PVC TUBRICA,CON,8,22,6,CON0424002,"JUNTA DRESSER HG 3/4""",311,Und,1.8,1.5,13,0,298,0,3.16,2913.52,,
40,,,,,,CONEXIONES NIPLES,,,,*,,,,LINEA,0,6.32,5037.04,,
40.1,CONEXIONES  PVC TUBRICA,CON,8,22,7,CON0425001,NIPLE GALV 1/2 X 4 cm,340,Und,0.65,,2,0,338,0,7.120000000000001,3709.5200000000004,,
40.2,CONEXIONES  PVC TUBRICA,CON,8,22,8,CON0425002,NIPLE GALV 1/2 X 5 cm,29,Und,0.75,,34,0,-5,0,7.6000000000000005,1398.4,,
40.3,CONEXIONES  PVC TUBRICA,CON,8,22,9,CON0425003,NIPLE GALV 1/2 X 10 cm,30,Und,0.85,,3,0,27,0,5.84,274.48,,
41,,,,,,CONEXIONES REDUCCIONES,,,,*,,,,LINEA,0,13.600000000000001,4025.6000000000004,,
41.1,CONEXIONES  PVC TUBRICA,CON,8,22,10,CON0826001,REDUCCION A.N 3 X 2 ,100,Und,2.8,2.2,0,0,100,0,21.6,3326.4,,
41.2,CONEXIONES  PVC TUBRICA,CON,8,26,1,CON0826002,REDUCCION A.N 4 X 2 TUBRICA,647,Und,3,2.6,15,0,632,0,18.400000000000002,1343.2,,
42,,,,,,CONEXIONES SIFONES,,,,*,,,,LINEA,0,18.400000000000002,809.60000000000014,,
42.1,CONEXIONES  PVC TUBRICA,CON,8,26,2,CON0831001,"SIFON A.N 2"" TUBRICA",1974,Und,1.3,1.09,0,0,1974,0,21.6,4320,,
42.2,CONEXIONES  PVC TUBRICA,CON,8,28,1,CON0831002,"SIFON A.N 4"" TUBRICA",500,Und,2.9,2.5,0,0,500,0,29.6,1776,,
43,,,,,,CONEXIONES TAPONES,,,,*,,,,LINEA,0,28,2604,,
43.1,CONEXIONES  PVC TUBRICA,CON,8,28,2,CON0427001,TAPON GALV 1/2 MACHO,76,Und,0.72,,0,0,76,0,28,280,,
43.2,CONEXIONES  PVC TUBRICA,CON,8,28,3,CON0427002,TAPON GALV 1/2 ROSC,739,Und,0.73,,0,0,739,0,0,0,,
44,,,,,,CONEXIONES TEE,,,,*,,,,LINEA,0,6.4,5600,,
44.1,CONEXIONES  PVC TUBRICA,CON,8,28,4,CON0828001,"TEE A.N 2"" TUBRICA",2264,Und,1.8,1.25,2,0,2262,0,6,396,,
44.2,CONEXIONES  PVC TUBRICA,CON,8,28,5,CON0828002,"TEE A.N 4"" TUBRICA",851,Und,4.5,3.9,18,0,833,0,6.4,793.6,,
44.3,CONEXIONES  PVC TUBRICA,CON,8,30,1,CON0628001,TEE A.F 1/2 LISA,360,Und,0.45,0.35,0,0,360,0,6.4,1497.6000000000001,,
44.4,CONEXIONES  PVC TUBRICA,CON,8,30,2,CON0628002,TEE A.F 1/2 ROSC,33,Und,0.35,,26,0,7,0,4.8000000000000007,1075.2000000000003,,
44.5,CONEXIONES  PVC TUBRICA,CON,8,30,3,CON0828004,TEE RED A.N 4 X 2 TUBRICA,44,Und,4.5,3.5,10,0,34,0,4.16,0,,
44.6,CONEXIONES  PVC TUBRICA,CON,8,30,4,CON0828003,TEE RED A.N 4 X 3 TUBRICA,275,Und,4.5,3.2,13,0,262,0,5.2,2537.6,,
44.7,CONEXIONES  PVC TUBRICA,CON,8,30,5,CON0828005,TEE RED A.N 6 X 4 TUBRICA,76,Und,13,8.9,5,0,71,0,10.4,52,,
45,,,,,,CONEXIONES UNION,,,,*,,,,LINEA,0,6.4,64,,
45.1,CONEXIONES  PVC TUBRICA,CON,8,31,1,CON0629001,UNION CPVC A.C 1/2,4303,Und,0.3,0.18,14,0,4289,0,6,2316,,
45.2,CONEXIONES  PVC TUBRICA,CON,8,31,2,CON0929008,"UNION CONDUIT 1""",2592,Und,0.6,0.12,3,0,2589,0,6.4,1862.4,,
45.3,CURVA CONDUIT  NACIONAL TUBRICA,CON,9,20,1,CON0429001,"UNION EMT 1""",624,Und,0.8,0.22,0,0,624,0,8.4,0,,
45.4,CURVA CONDUIT  NACIONAL TUBRICA,CON,9,23,1,CON0629003,"UNION LISA A.F  1/2"" TUBRICA",3770,Und,1.3,1.04,99,4,3675,0,7.9200000000000008,0,,
45.5,CURVA CONDUIT  NACIONAL TUBRICA,CON,9,23,2,CON0629004,"UNION LISA A.F  1/2"" UNIVERSAL",2395,Und,0.6,0.45,11,210,2594,0,6.8000000000000007,1428.0000000000002,,
45.6,CURVA CONDUIT  NACIONAL TUBRICA,CON,9,23,3,CON0629002,"UNION LISA A.F  3/4"" TUBRICA",500,Und,0.6,0.45,52,106,554,0,15.600000000000001,936.00000000000011,,
46,,,,,,CONEXIONES YEE,,,,*,,,,LINEA,0,28,10780,,
46.1,CURVA CONDUIT  NACIONAL TUBRICA,CON,9,23,4,CON0830002,"YEE A.N 4"" TUBRICA",975,Und,5.5,4.5,0,0,975,0,41.6,832,,
46.2,CURVA CONDUIT  NACIONAL TUBRICA,CON,9,23,5,CON0830003,"YEE A.N 6"" NACIONAL ",80,Und,12,9.5,0,0,80,0,0,0,,
46.3,CURVA CONDUIT  NACIONAL TUBRICA,CON,9,23,6,CON0830005,"YEE RED A.N 4"" X 2 TUBRICA",6835,Und,4.5,3.5,0,20,6855,849.31506849315076,629.92000000000007,12598.400000000001,,
46.4,CURVA CONDUIT  NACIONAL TUBRICA,CON,9,23,7,CON0830004,"YEE RED A.N 4"" X 3 TUBRICA",132,Und,4.5,4,3,0,129,0,1192,22648,,
46.5,CURVA CONDUIT  NACIONAL TUBRICA,CON,9,29,8,CON0830001,"YEE RED A.N 6"" X 4 TUBRICA",260,Und,9.5,,0,0,260,0,1000,5000,,
47,,,,,,ELECTRICIDAD,,,,*,,,,LINEA,0,0,0,,
47.1,CAJA DE MEDIDOR ELECTRICA ,ELE,4,33,1,ELE1603001,ARVIDAL 1/0,5482,Und,7.5,,3139.200000001,0,2342.799999999,0,84.624000000000009,3046.4640000000004,,
47.2,CAJA DE PASO ELECTRICA ,ELE,4,33,2,ELE1603002,ARVIDAL 2/0,6290,Und,7.5,,2208,20,4102,141.55844155844156,107.75999999999999,1077.6,,
47.3,CAJETIN RECTANGULAR GALVANIZADO ,ELE,4,33,3,ELE1848001,BREAKER QO EMPOTRABLE 1 X 20 AMP,1223,Und,6.9,,12,0,1211,0,72,5040,,
47.4,CAJETIN RECTANGULAR GALVANIZADO ,ELE,4,33,4,ELE1847001,BREAKER QO SUPERFICIAL 1 X 20 AMP,29,Und,7.6,,2,0,27,0,152,12008,,
47.5,CAJETIN RECTANGULAR GALVANIZADO ,ELE,4,33,5,ELE1848002,BREAKER THQC EMPOTRABLE 2 X 60 AMP,641,Und,9.9,,0,0,641,0,720,0,,
47.6,ARVIDAL ,ELE,16,3,1,ELE0433001,CAJA DE MEDIDOR 40 X 30 X 20 ,1273,Und,17,,1,2,1274,0,53.879999999999995,53.879999999999995,,
47.7,ARVIDAL ,ELE,16,3,2,ELE0433002,CAJA DE PASO ELECTRICA 6 X 6 X 6  GALV ,200,Und,14,,0,0,200,0,0,0,,
47.8,CABLE THW ,ELE,17,32,1,ELE0933001,CAJA DE PASO ELECTRICA 8 X 8 X 8 PVC ,200,Und,11,,0,0,200,0,22.400000000000002,67.2,,
47.9,CABLE THW ,ELE,17,32,2,ELE0433003,CAJETIN 4 X 2 RECTANGULAR EMT,15280,Und,0.9,,6,15,15289,0,135.20000000000002,7436.0000000000009,,
47.10,CABLE THW ,ELE,17,32,3,ELE0433004,CAJETIN 4 X 4 CUADRADO EMT,236,Und,1.3,,0,0,236,0,32,0,,
47.11,CABLE THW ,ELE,17,32,4,ELE0933002,CAJETIN 4 X 4 CUADRADO PVC,2000,Und,0.45,,0,0,2000,0,24,96,,
47.12,CABLE THW ,ELE,17,32,5,ELE0433005,CAJETIN 4 X 4 OCTAGONAL EMT,2000,Und,1.3,,0,0,2000,0,25.6,102.4,,
47.13,CABLE THW ,ELE,17,38,1,ELE0933003,CAJETIN 4 X 4 OCTAGONAL PVC,2000,Und,0.45,,3,0,1997,0,464,20416,,
47.14,BREAKER ,ELE,18,48,1,ELE0434006,TABLERO 20 CIRCUITOS ,90,Und,170,,0,0,90,0,0,0,,
47.15,BREAKER ,ELE,18,48,2,ELE0434007,TAPA PARA TABLERO 20 CIRCUITOS ,20,Und,70,,33,0,-13,0,103.2,2992.8,,
48,,,,,,ELECTRICIDAD CABLES,,,,*,,,,LINEA,0,0,0,,
48.1,CAJA DE MEDIDOR ELECTRICA ,ELE,4,34,6,ELE1732001,CABLE ELECTRICO MCM 500  VERDE IMPORTADO,0,Mts,21,,0,0,0,0,112,560,,
48.2,CAJA DE MEDIDOR ELECTRICA ,ELE,4,34,7,ELE1732002,CABLE ELECTRICO THW #2  NEGRO IMPORTADO ,28,Mts,4.75,,0,0,0,0,232,2088,,
48.3,CAJA DE PASO ELECTRICA ,ELE,9,33,1,ELE1732003,CABLE ELECTRICO THW #2 AMARILLO IMPORTADO ,613,Mts,4.75,,0,0,0,0,192,2304,,
48.4,CAJETIN RECTANGULAR PVC,ELE,9,33,2,ELE1732004,CABLE ELECTRICO THW #2 VERDE IMPORTADO ,120,Mts,4.75,,2,0,0,0,288,0,,
48.5,CAJETIN RECTANGULAR PVC,ELE,9,33,3,ELE1732005,CABLE ELECTRICO TTU 250 NEGRO NACIONAL,,Mts,24,,0,0,0,0,0,0,,
48.6,CABLE THW ,ELE,17,38,2,ELE1738001,ROLLO DE CABLE ELECTRICO THW #4  ROJO NACIONAL ,1,Rollo,4.5,,0,0,0,0,152,152,,
48.7,CABLE THW ,ELE,17,38,3,ELE1738002,ROLLO DE CABLE ELECTRICO THW #4 BLANCO IMPORTADO,12,Rollo,3.6,,194,0,0,0,216,31752,,
48.8,CABLE THW ,ELE,17,38,4,ELE1738003,ROLLO DE CABLE ELECTRICO THW #6 AZUL IMPORTADO 100m,1,Rollo,2.5,,56,0,0,0,224,-5376,,
48.9,CABLE THW ,ELE,17,38,5,ELE1738004,ROLLO DE CABLE ELECTRICO THWN #4  BLANCO NACIONAL PHELPSDODGE,1,Rollo,5.9,,2,0,0,0,232,7888,,
48.10,CABLE THW ,ELE,17,38,6,ELE1738005,ROLLO DE CABLE ELECTRICO THWN #4 AWG AMARILLO IMPORTADO ,0,Rollo,3.5,,0,0,0,0,0,0,,
48.11,BREAKER ,ELE,18,47,1,ELE1738006,ROLLO DE CABLE ELECTRICO THWN #4 AWG VERDE IMPORTADO ,1,Rollo,4.7,,15,15,0,0,4,0,,
49,,,,,,FERRETERIA,,,,*,,,,LINEA,0,6,120,,
49.1,TORNILLERIA PARA ESTRUCTURA  GALVANIZADA EN CALIENTE ,FER,1,37,4,FER0137004,"TOR A325 HEX GALV CALIENTE NC 5/8 X 2"" 200 Grs.",2500,Und,2.8,,83,52,2469,0,6.32,56.88,,
49.2,TORNILLERIA PARA ESTRUCTURA  GALVANIZADA EN CALIENTE ,FER,1,37,3,FER0137003,TOR A325 HEX GALV CALIENTE NC 5/8 X 2 1/2 300 Grs.,5000,Und,4.5,3.2,30,30,5000,0,7.2,0,,
49.3,TORNILLERIA PARA ESTRUCTURA  GALVANIZADA EN CALIENTE ,FER,1,37,1,FER0137001,"TOR A325 HEX GALV CALIENTE NC 1"" x 3 1/2 600 Grs.",5000,Und,6.2,4.06,112,103,4991,0,7.6000000000000005,0,,
49.4,TORNILLERIA PARA ESTRUCTURA  GALVANIZADA EN CALIENTE ,FER,1,37,2,FER0137002,"TOR A325 HEX GALV CALIENTE NC 1"" X 4"" 700 Grs.",17132,Und,7.9,4.7,25,0,17107,0,10.4,0,,
49.5,TORNILLO G5,FER,1,37,6,FER0137006,"TOR C. HEX 5/8 X 3""",400,Und,0.7,0.58,5,0,395,0,11.200000000000001,0,,
49.6,TORNILLO G5,FER,1,37,5,FER0137005,TOR C. HEX 1/2 X 2 1/2,1600,Und,0.45,0.31,0,0,1600,0,0,0,,
49.7,TORNILLERIA PARA ESTRUCTURA  GALVANIZADA EN CALIENTE ,FER,1,42,2,FER0142002,"CLAVO FERROSO 1"" ",80,Kg,7.3,,39,0,41,0,0,0,,
49.8,TORNILLERIA PARA ESTRUCTURA  GALVANIZADA EN CALIENTE ,FER,1,42,1,FER0142001,"CLAVO ACERO 2""",99,Kg,9.7,,139,0,-40,0,0,0,,
49.9,REJILLA DE ALUMINIO Y BRONCE,FER,16,52,1,FER1652001,"REJILLA A.N 2"" ALUMINIO ",2994,Und,3.5,2.9,0,0,2994,0,0,0,,
49.10,REJILLA DE ALUMINIO Y BRONCE,FER,8,52,1,FER0852001,"REJILLA A.N 4"" PVC",500,Und,2.5,1.9,0,0,500,0,0,0,,
49.11,REJILLA DE ALUMINIO Y BRONCE,FER,21,52,1,FER2152001,"REJILLA A.N 4"" BRONCE",300,Und,4.5,3.4,0,0,300,0,0,0,,
49.12,DISCOS ,FER,10,3,1,FER1003001,DISCO DE CORTE 4 1/2,7,Und,0.74,,0,0,250,,0,0,,
49.13,DISCOS ,FER,10,3,2,FER1003002,"DISCO DE CORTE 7"" X 1/16",6,Und,1.35,,0,0,75,0,0,0,,
49.14,DISCOS ,FER,10,3,3,FER1003003,DISCO DE ESMERILAR 4 1/2,24,Und,1.26,,0,0,24,0,0,0,,
49.15,DISCOS ,FER,10,3,4,FER1003004,"DISCO DE ESMERILAR 7"" X 1/16",23,Und,2.94,,0,0,23,0,0,0,,
49.16,DISCOS ,FER,10,3,5,FER1003005,"DISCO DE TRONZADORA 14""",27,Und,5.46,,0,0,27,0,0,0,,
49.17,ACCESORIOS ,FER,10,50,1,FER1050001,ARNES ANTI-CAIDAS,267,Und,18,,0,0,267,0,0,0,,
49.18,ELECTRODOS ,FER,10,51,3,FER1051003,ELECTRODO 6013 1/8 KEEP DRY,4234,Kg,3,,0,0,4234,0,0,0,,
49.19,ELECTRODOS ,FER,10,51,1,FER1051001,ELECTRODO 7018 1/8 GRICON,71,Kg,3.9,,0,0,71,0,0,0,,
49.20,ELECTRODOS ,FER,10,51,2,FER1051002,ELECTRODO 532 7 1/8 GRICON,229,Kg,3.5,,0,0,229,0,0,0,,
49.21,PEGA PVC ,FER,20,52,1,FER2052001,PEGA PROF. PARA PVC  DE ALTA PRESION ERA G-GOOD 946 ML A.C,34,Und,25,,0,0,34,0,0,0,,
49.22,PEGA PVC ,FER,20,52,2,FER2052002,PEGA PROF. PARA PVC CEMENTO  SENCL SOLUTION 1000 ML A.F,0,Und,25,,0,0,0,0,0,0,,
49.23,"KIT DE CERRADURA DE EMBUTIR (CILINDRO , MANILLA)",FER,22,49,1,FER2249001,"KIT DE CERRADURA DE EMBUTIR (CILINDRO , MANILLA)",30,Und,,,0,0,30,0,0,0,,
49.24,KIT DE FREGADERO,FER,22,49,2,FER2249002,"KIT DE FREGADERO (1 FREGADERO DOBLE, 1 BAJANTE DOBLE, 2 DESAGUE, 2 LLAVE ARRESTO, 5 SARGENTO PEQ 1 GRIFERIA)",50,Kit,120,,0,0,50,0,0,0,,
,,,,,,,,,,,,0,0,0,0,0,0,,
,,,,,,5.45,,,,,,,,,,,,,
2026-03-30,,,,,,,,,,,,,,,,,,,
,NIKI,,,,,,,,,,,,,,,,,,
,,,,,,,,,,,,02-zelle,,,,,,,
